,Model,Params,Inference_Time,Accuracy,Precision_Neg,Recall_Neg,F1_Neg,Precision_Pos,Recall_Pos,F1_Pos,ROC_AUC,Avg_Precision
1,LSTM,329409,1.5543100833892822,0.8875745627337984,0.8504501500500167,0.959556057185854,0.9017146897648931,0.9447726688928847,0.8039344262295082,0.8686820973075107,0.937909476289745,0.9377459790856231
0,RNN,323169,0.7624278863271078,0.7678697806086341,0.735495945102932,0.8871331828442438,0.8042291950886766,0.8275366484622018,0.6292896174863388,0.7149242612366526,0.7607116982652636,0.7175868144671538
