,Model,Params,Inference_Time,Accuracy,Precision_Neg,Recall_Neg,F1_Neg,Precision_Pos,Recall_Pos,F1_Pos,ROC_AUC,Avg_Precision
1,LSTM,329409,1.4810791810353596,0.8871701546860783,0.8501167055685228,0.9591798344620015,0.9013611454834718,0.9442589262779347,0.8034972677595629,0.8682097307510628,0.9375782974996609,0.9371482698519185
2,Transformer,329409,1.3583377202351887,0.8871701546860783,0.8501167055685228,0.9591798344620015,0.9013611454834718,0.9442589262779347,0.8034972677595629,0.8682097307510628,0.9375782974996609,0.9371482698519185
0,RNN,323169,0.9558958212534586,0.8662420382165605,0.8393676695563488,0.9288939051918735,0.8818644521832306,0.905688622754491,0.7934426229508197,0.8458580915763719,0.8986965013342544,0.8923023537183021
