,Model,Params,Inference_Time,Accuracy,Precision_Neg,Recall_Neg,F1_Neg,Precision_Pos,Recall_Pos,F1_Pos,ROC_AUC,Avg_Precision
2,Transformer,873473,2.5997580687204995,0.8939439894853908,0.8643894107600342,0.9520316027088036,0.9060961417957211,0.936818632309217,0.826448087431694,0.8781790732783649,0.9421557150904374,0.9427403121506901
1,LSTM,329409,1.187150001525879,0.8908098271155596,0.8576494427558258,0.9554176072234764,0.9038974906567004,0.9402872260015117,0.8157377049180328,0.8735955056179775,0.9406402981822068,0.9400066775202086
0,RNN,323169,0.853817860285441,0.7985036902234355,0.7645279414106034,0.9033107599699022,0.8281452099680952,0.8576177285318559,0.6767213114754098,0.7565058032987172,0.7951646128606495,0.7740941728282615
